"4","368.16"
"6","366.47"
"8","354.14"
"9","48.64"
"10","379.87"
"15","1.90"
"17","5.94"
"20","210.98"
"24","280.84"
"28","138.65"
"30","382.49"
"31","58.02"
"35","151.93"
"37","143.78"
"38","37.57"
"42","209.94"
"44","128.24"
"45","352.24"
"46","326.69"
"47","47.94"
"49","188.59"
"52","60.70"
"53","287.95"
"56","140.82"
"57","199.19"
"61","96.28"
"66","27.09"
"74","130.95"
"77","161.37"
"79","101.52"
"81","433.79"
"82","49.21"
"83","325.90"
"86","155.38"
"92","165.75"
"93","165.25"
"97","132.24"
"102","477.63"
"103","213.42"
"105","408.73"
"106","159.09"
"107","256.91"
"108","201.77"
"111","210.69"
"113","74.85"
"114","280.84"
"119","391.28"
"121","247.05"
"122","61.68"
"123","26.14"
"126","101.58"
"130","416.87"
"135","112.52"
"139","471.51"
"140","14.07"
"141","359.91"
"142","470.22"
"146","373.86"
"148","88.55"
"150","38.26"
"151","284.68"
"153","352.38"
"155","15.96"
"156","162.60"
"158","78.59"
"161","271.51"
"162","137.13"
"166","45.26"
"169","235.63"
"171","143.78"
"173","225.47"
"175","453.63"
"176","380.17"
"177","92.54"
"182","30.95"
"183","106.23"
"189","212.16"
"196","292.72"
"202","355.66"
"203","349.99"
"204","203.58"
"205","497.96"
"206","104.39"
"207","390.62"
"208","492.09"
"209","223.13"
"212","152.31"
"213","372.97"
"214","82.90"
"215","123.11"
"216","395.25"
"220","194.68"
"221","482.28"
"225","358.51"
"227","318.43"
"230","240.62"
"234","107.15"
"235","412.53"
"236","126.11"
"238","75.20"
"239","158.05"
"241","471.39"
"242","349.99"
"244","353.50"
"246","187.72"
"248","234.54"
"250","77.29"
"252","206.63"
"254","491.13"
"256","346.04"
"260","436.59"
"263","269.40"
"264","260.65"
"267","130.95"
"269","435.81"
"270","355.52"
"272","266.48"
"276","363.95"
"278","158.96"
"280","293.61"
"282","442.03"
"283","295.26"
"285","183.13"
"289","46.43"
"293","427.26"
"295","267.50"
"296","3.01"
"298","432.86"
"299","16.77"
"301","133.67"
"302","131.77"
"303","314.31"
"305","483.62"
"307","437.28"
"308","325.45"
"312","283.61"
"313","478.00"
"314","222.18"
"315","295.39"
"316","442.03"
"317","130.22"
"318","284.68"
"319","52.19"
"320","479.44"
"321","185.44"
"322","260.65"
"324","143.51"
"325","313.74"
"326","436.69"
"327","10.01"
"329","489.96"
"330","140.45"
"332","83.72"
"333","468.63"
"334","171.59"
"336","70.35"
"337","21.10"
"339","239.22"
"340","175.73"
"341","21.69"
"342","160.74"
"344","326.66"
"346","21.21"
"347","40.49"
"349","315.28"
"350","232.88"
"352","244.42"
"353","54.12"
"354","450.33"
"356","271.58"
"359","161.98"
"360","42.14"
"362","201.50"
"368","1.77"
"369","337.70"
"370","103.11"
"376","136.74"
"377","244.74"
"379","92.58"
"380","45.71"
"381","70.06"
"382","463.13"
"383","448.10"
"384","499.34"
"385","106.10"
"386","126.78"
"389","350.89"
"391","243.66"
"392","406.30"
"394","368.16"
"396","320.91"
"397","400.68"
"398","85.18"
"399","212.41"
"400","140.32"
"404","448.74"
"405","34.97"
"406","351.32"
"409","258.03"
"410","206.40"
"412","126.19"
"415","268.01"
"417","441.81"
"418","368.25"
"420","482.74"
"423","406.09"
"424","214.14"
"427","469.13"
"428","497.96"
"429","405.20"
"430","270.28"
"436","463.76"
"440","276.67"
"441","324.63"
"444","173.90"
"447","461.15"
"448","198.27"
"450","288.89"
"451","243.48"
"457","384.95"
"461","199.33"
"462","96.79"
"464","288.29"
"466","173.90"
"471","415.52"
"473","328.30"
"476","173.35"
"477","343.88"
"478","448.87"
"479","316.51"
"481","331.04"
"482","455.12"
"483","478.12"
"484","458.81"
"487","134.63"
"490","8.98"
"492","100.48"
"493","141.92"
"494","220.58"
"495","135.33"
"496","234.24"
"497","44.67"
"498","353.72"
"499","464.34"
"501","222.72"
"503","104.71"
"507","98.20"
"508","303.58"
"513","324.01"
"514","366.02"
"515","83.08"
"516","287.83"
"517","311.59"
"518","486.12"
"520","227.87"
"521","359.68"
"522","371.51"
"523","181.74"
"524","252.38"
"525","388.42"
"526","206.63"
"528","107.62"
"529","242.71"
"532","179.81"
"536","324.43"
"538","223.73"
"539","15.72"
"540","160.50"
"541","458.13"
"542","172.78"
"543","288.46"
"544","339.96"
"547","80.94"
"548","127.04"
"552","460.48"
"555","219.80"
"558","46.80"
"559","443.03"
"560","156.60"
"564","490.00"
"566","463.31"
"567","209.64"
"569","465.38"
"570","194.31"
"576","479.28"
"577","13.62"
"578","460.48"
"581","192.39"
"587","120.32"
"588","441.82"
"590","463.70"
"593","266.48"
"595","311.59"
"600","143.42"
"601","133.45"
"602","44.93"
"603","193.54"
"609","323.52"
"613","431.76"
"615","209.54"
"616","120.32"
"618","390.62"
"620","58.87"
"621","172.49"
"622","15.64"
"624","410.09"
"625","11.98"
"626","60.25"
"628","209.64"
"629","218.05"
"631","500.67"
"633","433.93"
"634","252.03"
"637","422.74"
"640","123.30"
"641","191.50"
"646","313.53"
"650","347.21"
"651","448.74"
"659","6.63"
"661","104.39"
"662","193.03"
"663","332.85"
"665","305.45"
"666","299.21"
"667","58.02"
"669","91.66"
"671","418.68"
"672","475.74"
"676","184.61"
"678","257.75"
"680","388.03"
"682","375.99"
"684","238.01"
"685","367.29"
"687","109.48"
"688","68.32"
"689","149.69"
"691","135.91"
"692","46.74"
"694","258.07"
"695","310.87"
"697","448.22"
"698","229.89"
"702","390.89"
"705","223.73"
"707","177.43"
"708","252.50"
"709","348.53"
"711","267.50"
"712","441.84"
"716","343.03"
"718","430.82"
"720","264.21"
"722","107.59"
"723","290.82"
"724","438.52"
"727","442.40"
"731","270.95"
"732","2.60"
"733","383.89"
"734","260.59"
"736","421.44"
"738","304.75"
"739","285.32"
"742","313.12"
"750","108.04"
"752","25.90"
"756","469.44"
"758","68.27"
"761","418.89"
"762","473.61"
"764","430.31"
"766","383.03"
"769","6.63"
"770","312.92"
"771","44.42"
"778","2.60"
"780","61.83"
"781","28.24"
"782","444.79"
"783","429.10"
"784","121.89"
"785","285.56"
"786","333.94"
"789","418.08"
"795","62.09"
"798","328.31"
"799","55.82"
"803","405.80"
"806","407.52"
"807","38.02"
"809","499.34"
"812","297.32"
"815","256.41"
"817","386.90"
"819","121.10"
"820","320.91"
"825","126.68"
"826","494.48"
"827","85.35"
"831","162.50"
"833","372.43"
"838","207.23"
"839","99.59"
"841","176.44"
"843","297.32"
"846","368.85"
"847","387.90"
"848","59.14"
"849","369.88"
"853","402.56"
"854","157.92"
"855","456.14"
"857","224.28"
"858","221.58"
"863","344.29"
"864","28.12"
"866","359.16"
"868","399.51"
"870","375.97"
"871","318.52"
"873","54.35"
"874","237.45"
"878","108.62"
"880","171.80"
"881","45.49"
"882","8.72"
"886","410.79"
"887","364.28"
"888","144.41"
"893","306.79"
"894","215.53"
"896","148.89"
"897","211.29"
"898","156.49"
"901","458.77"
"902","367.29"
"903","20.35"
"904","276.27"
"906","494.57"
"908","178.87"
"912","281.99"
"913","143.77"
"915","422.74"
"920","440.72"
"922","14.07"
"925","383.03"
"926","208.85"
"929","378.93"
"930","242.64"
"931","220.86"
"933","435.39"
"934","201.50"
"935","268.77"
"936","306.98"
"937","86.60"
"942","72.01"
"945","330.97"
"946","357.97"
"949","204.29"
"950","43.40"
"952","94.83"
"954","324.12"
"956","38.81"
"957","170.22"
"958","367.54"
"960","349.01"
"964","148.92"
"965","458.47"
"966","93.49"
"971","416.85"
"972","195.23"
"973","113.52"
"975","448.22"
"976","121.89"
"977","120.29"
"978","259.74"
"980","37.77"
"983","369.65"
"984","162.61"
"985","278.22"
"986","277.78"
"990","258.15"
"991","485.73"
"992","230.21"
"994","348.06"
"996","47.94"
"997","298.44"
"998","377.80"
"999","347.22"
"1002","378.23"
"1005","101.58"
"1007","78.13"
"1011","316.83"
"1014","305.88"
"1015","113.02"
"1016","340.29"
"1017","146.57"
"1018","397.14"
"1020","416.00"
"1022","436.06"
"1023","223.35"
"1025","209.89"
"1026","399.74"
"1027","93.52"
"1030","158.75"
"1032","466.78"
"1034","117.05"
"1037","270.08"
"1040","224.30"
"1047","263.03"
"1048","471.04"
"1049","195.83"
"1050","323.77"
"1053","61.07"
"1055","114.93"
"1057","247.08"
"1059","122.50"
"1063","21.72"
"1064","360.31"
"1068","214.81"
"1069","304.92"
"1070","30.87"
"1071","112.48"
"1072","43.12"
"1073","453.75"
"1076","414.58"
"1077","205.38"
"1081","328.58"
"1082","271.97"
"1085","352.52"
"1088","199.80"
"1098","205.10"
"1100","432.39"
"1101","400.77"
"1103","403.29"
"1106","101.75"
"1110","55.38"
"1111","166.01"
"1112","33.53"
"1113","186.64"
"1114","25.30"
"1115","321.94"
"1116","450.60"
"1117","359.95"
"1118","462.53"
"1119","285.22"
"1122","120.62"
"1123","397.70"
"1125","394.03"
"1126","243.07"
"1127","28.24"
"1128","395.69"
"1129","320.58"
"1131","488.30"
"1133","185.82"
"1135","76.46"
"1136","344.78"
"1137","211.02"
"1138","242.64"
"1139","53.78"
"1140","491.55"
"1142","348.09"
"1143","209.61"
"1150","113.02"
"1153","176.87"
"1157","186.76"
"1158","429.10"
"1160","152.81"
"1161","72.42"
"1162","477.68"
"1163","372.44"
"1165","444.04"
"1166","447.99"
"1168","268.93"
"1169","409.65"
"1170","26.33"
"1172","391.52"
"1173","467.26"
"1175","78.99"
"1177","154.71"
"1180","395.93"
"1182","287.48"
"1187","431.05"
"1189","0.18"
"1192","168.90"
"1193","252.23"
"1197","25.58"
"1201","310.35"
"1205","280.76"
"1207","388.01"
"1210","333.28"
"1211","498.81"
"1216","150.49"
"1222","155.51"
"1223","388.75"
"1225","378.90"
"1230","161.98"
"1231","238.76"
"1232","3.03"
"1234","188.87"
"1237","54.43"
"1239","121.89"
"1241","203.80"
"1242","239.14"
"1244","436.69"
"1246","42.68"
"1247","204.43"
"1248","393.67"
"1252","271.05"
"1255","412.40"
"1256","448.43"
"1257","271.89"
"1258","176.87"
"1259","289.74"
"1262","415.50"
"1263","351.88"
"1264","195.24"
"1266","140.67"
"1267","499.26"
"1270","364.73"
"1274","479.88"
"1278","334.11"
"1279","312.50"
"1287","352.52"
"1289","368.33"
"1290","462.87"
"1293","210.24"
"1294","214.97"
"1297","321.17"
"1298","45.49"
"1299","167.41"
"1301","126.78"
"1303","114.58"
"1304","209.15"
"1308","140.71"
"1309","204.20"
"1310","47.54"
"1313","450.31"
"1314","465.96"
"1315","217.85"
"1316","410.46"
"1317","338.53"
"1323","435.94"
"1329","268.93"
"1334","350.89"
"1335","31.16"
"1339","327.88"
"1340","150.35"
"1344","328.16"
"1345","268.82"
"1347","235.38"
"1348","436.75"
"1349","494.30"
"1351","246.71"
"1353","51.36"
"1359","54.43"
"1360","9.28"
"1361","445.94"
"1362","446.05"
"1363","21.99"
"1364","211.98"
"1366","74.26"
"1367","133.72"
"1368","245.30"
"1370","60.87"
"1371","183.26"
"1373","172.39"
"1378","268.68"
"1379","428.22"
"1381","286.17"
"1385","369.04"
"1386","439.32"
"1387","8.72"
"1389","307.76"
"1391","372.70"
"1393","471.04"
"1396","121.66"
"1397","367.73"
"1398","192.74"
"1404","279.80"
"1405","122.21"
"1407","21.27"
"1409","97.27"
"1412","315.75"
"1413","142.37"
"1414","17.36"
"1416","284.68"
"1419","135.80"
"1422","42.17"
"1427","268.59"
"1429","270.08"
"1431","332.92"
"1435","378.65"
"1437","321.08"
"1439","250.77"
"1444","252.38"
"1445","285.22"
"1446","127.00"
"1447","348.37"
"1448","101.75"
"1449","261.21"
"1452","34.02"
"1454","137.95"
"1455","428.07"
"1460","359.68"
"1462","333.58"
"1463","391.62"
"1464","31.40"
"1467","322.56"
"1468","383.90"
"1469","408.13"
"1470","71.96"
"1473","470.19"
"1475","427.51"
"1480","452.63"
"1482","382.50"
"1483","147.41"
"1485","433.14"
"1486","121.54"
"1487","70.72"
"1491","475.82"
"1493","33.11"
"1494","212.92"
"1495","16.44"
"1496","10.85"
"1499","25.35"
"1500","426.24"
"1502","453.45"
"1503","121.80"
"1504","393.05"
"1506","231.18"
"1508","97.57"
"1509","117.19"
"1510","417.65"
"1511","243.24"
"1513","473.61"
"1515","392.85"
"1516","373.94"
"1520","423.07"
"1522","276.47"
"1524","391.46"
"1525","215.43"
"1526","258.07"
"1530","348.06"
"1531","321.74"
"1532","92.54"
"1533","482.05"
"1536","343.61"
"1537","12.14"
"1538","313.45"
"1543","357.41"
"1544","340.88"
"1545","410.05"
"1547","33.53"
"1550","148.13"
"1551","13.44"
"1553","36.55"
"1557","149.47"
"1561","100.83"
"1563","185.41"
"1564","281.28"
"1566","9.97"
"1567","118.83"
"1568","400.43"
"1569","225.18"
"1571","183.13"
"1573","214.47"
"1575","323.65"
"1579","442.40"
"1581","256.23"
"1582","259.30"
"1583","299.93"
"1584","498.51"
"1585","181.54"
"1586","460.07"
"1590","199.19"
"1591","91.90"
"1593","432.03"
"1596","35.70"
"1597","432.84"
"1598","181.49"
"1603","213.50"
"1604","483.20"
"1607","194.13"
"1609","280.85"
"1610","138.99"
"1615","277.18"
"1616","352.56"
"1618","221.70"
"1619","64.71"
"1620","12.67"
"1622","225.71"
"1623","196.25"
"1624","358.50"
"1629","454.75"
"1634","4.10"
"1635","2.62"
"1637","400.33"
"1639","195.73"
"1641","417.67"
"1642","339.99"
"1644","405.43"
"1645","284.19"
"1647","373.73"
"1648","225.52"
"1649","32.40"
"1651","475.37"
"1652","412.90"
"1654","13.45"
"1655","233.43"
"1656","143.55"
"1659","247.08"
"1660","238.86"
"1661","89.15"
"1671","161.83"
"1674","454.39"
"1675","364.09"
"1679","410.46"
"1683","263.20"
"1687","354.16"
"1691","2.96"
"1693","233.88"
"1699","165.51"
"1700","75.75"
"1701","276.61"
"1702","116.24"
"1705","60.25"
"1706","397.19"
"1710","21.98"
"1711","353.21"
"1712","413.24"
"1715","42.13"
"1719","242.76"
"1720","10.26"
"1722","394.36"
"1724","146.85"
"1725","295.22"
"1726","377.20"
"1728","196.91"
"1729","156.20"
"1730","258.99"
"1731","481.73"
"1736","156.20"
"1737","15.95"
"1744","166.00"
"1745","477.87"
"1747","474.17"
"1749","368.82"
"1752","306.24"
"1753","103.64"
"1756","284.68"
"1758","500.26"
"1759","347.84"
"1760","344.32"
"1761","125.50"
"1762","30.51"
"1763","125.44"
"1764","101.52"
"1768","263.03"
"1770","172.03"
"1771","66.64"
"1772","79.09"
"1773","297.32"
"1774","361.32"
"1776","155.14"
"1778","293.70"
"1782","371.79"
"1783","456.14"
"1784","427.45"
"1787","202.09"
"1788","281.76"
"1791","127.08"
"1795","9.74"
"1797","12.25"
"1798","72.42"
"1799","98.26"
"1800","289.35"
"1801","443.93"
"1803","168.62"
"1806","406.26"
"1807","53.02"
"1811","150.71"
"1812","322.18"
"1813","417.22"
"1814","339.96"
"1815","77.96"
"1817","233.43"
"1818","235.60"
"1819","200.39"
"1820","64.66"
"1821","353.21"
"1823","299.73"
"1824","337.01"
"1825","440.08"
"1826","264.02"
"1827","244.71"
"1829","234.96"
"1832","116.62"
"1836","368.69"
"1837","262.77"
"1838","194.68"
"1841","285.56"
"1844","426.74"
"1846","363.38"
"1847","340.41"
"1848","52.19"
"1849","458.54"
"1851","308.73"
"1854","339.62"
"1855","216.91"
"1858","304.66"
"1860","4.12"
"1862","16.77"
"1863","137.01"
"1864","127.48"
"1869","41.21"
"1871","85.44"
"1875","229.45"
"1878","450.94"
"1879","337.07"
"1881","134.63"
"1885","394.25"
"1886","477.86"
"1887","208.49"
"1888","350.74"
"1889","251.45"
"1890","474.06"
"1892","389.66"
"1893","364.78"
"1896","292.53"
"1899","31.74"
"1900","326.47"
"1903","288.89"
"1904","292.05"
"1905","75.62"
"1907","2.72"
"1908","478.12"
"1910","100.34"
"1912","441.94"
"1913","404.63"
"1915","404.28"
"1916","60.73"
"1917","32.65"
"1918","359.13"
"1922","207.23"
"1925","98.95"
"1926","366.01"
"1929","41.22"
"1930","283.76"
"1933","42.83"
"1934","402.81"
"1935","323.52"
"1936","149.09"
"1939","179.64"
"1940","74.85"
"1941","59.71"
"1942","299.22"
"1944","427.58"
"1945","435.72"
"1948","483.91"
"1949","21.69"
"1950","408.07"
"1952","174.63"
"1953","109.54"
"1958","324.12"
"1960","305.03"
"1964","12.62"
"1967","33.60"
"1969","310.56"
"1971","208.33"
"1976","88.90"
"1977","298.87"
"1981","207.23"
"1982","20.35"
"1984","457.08"
"1985","243.06"
"1986","42.83"
"1988","239.89"
"1989","368.83"
"1993","472.94"
"1996","31.26"
"1997","172.21"
"2002","207.93"
"2004","200.09"
"2008","190.44"
"2011","263.76"
"2015","17.51"
"2017","364.02"
"2018","239.81"
"2020","169.17"
"2022","461.19"
"2025","166.83"
"2027","328.21"
"2028","112.56"
"2031","225.71"
"2033","137.92"
"2037","13.48"
"2038","302.70"
"2039","409.92"
"2041","139.33"
"2042","265.63"
"2043","2.66"
"2046","100.00"
"2048","176.07"
"2051","253.68"
"2052","2.60"
"2054","235.63"
"2055","310.87"
"2056","379.03"
"2059","315.23"
"2060","331.37"
"2061","137.17"
"2062","315.17"
"2063","212.33"
"2064","265.36"
"2065","355.32"
"2066","42.36"
"2067","464.64"
"2069","72.87"
"2070","123.61"
"2073","495.25"
"2074","94.08"
"2079","117.18"
"2080","295.41"
"2081","477.95"
"2083","354.43"
"2084","125.18"
"2086","474.57"
"2087","68.98"
"2088","42.83"
"2091","77.00"
"2094","431.38"
"2096","297.66"
"2098","430.82"
"2100","351.88"
"2103","292.68"
"2104","326.69"
"2105","214.13"
"2106","354.20"
"2107","407.15"
"2108","263.76"
"2109","119.57"
"2111","98.89"
"2113","177.11"
"2117","356.38"
"2118","247.11"
"2121","229.45"
"2122","36.90"
"2123","32.10"
"2124","458.53"
"2125","89.15"
"2127","150.49"
"2129","445.48"
"2130","244.71"
"2133","6.67"
"2135","191.75"
"2137","162.24"
"2139","160.41"
"2142","338.72"
"2144","158.65"
"2147","191.84"
"2148","99.42"
"2150","222.18"
"2152","315.24"
"2153","45.94"
"2154","388.16"
"2155","382.07"
"2158","227.87"
"2159","272.99"
"2163","422.44"
"2164","482.26"
"2167","321.17"
"2170","1.58"
"2171","273.83"
"2174","175.73"
"2175","157.21"
"2177","158.74"
"2179","458.13"
"2180","404.63"
"2181","336.64"
"2183","374.30"
"2184","435.42"
"2187","365.38"
"2188","425.26"
"2192","125.90"
"2194","13.11"
"2195","91.66"
"2197","114.25"
"2206","3.59"
"2207","299.73"
"2208","418.08"
"2209","287.56"
"2210","254.50"
"2211","498.38"
"2212","89.77"
"2213","429.47"
"2215","393.93"
"2216","446.78"
"2217","494.36"
"2218","262.38"
"2220","443.40"
"2224","310.96"
"2226","190.88"
"2227","190.44"
"2232","297.32"
"2233","85.70"
"2234","305.78"
"2235","103.64"
"2237","31.92"
"2238","40.49"
"2239","127.03"
"2241","185.44"
"2242","186.76"
"2243","460.78"
"2245","379.56"
"2247","21.98"
"2249","112.30"
"2250","51.42"
"2252","361.32"
"2253","490.31"
"2255","17.95"
"2257","158.39"
"2258","173.10"
"2259","70.32"
"2260","157.92"
"2261","199.66"
"2262","62.57"
"2264","397.91"
"2268","282.32"
"2274","458.88"
"2275","378.28"
"2276","315.01"
"2280","181.56"
"2284","90.14"
"2285","482.81"
"2286","341.91"
"2292","438.76"
"2293","417.12"
"2297","149.50"
"2298","437.72"
"2299","48.84"
"2301","456.09"
"2303","369.88"
"2304","199.03"
"2306","121.10"
"2310","378.24"
"2311","163.56"
"2313","467.48"
"2314","301.83"
"2315","144.31"
"2317","11.37"
"2319","163.82"
"2320","111.72"
"2326","255.42"
"2327","273.67"
"2329","368.58"
"2332","211.62"
"2334","461.15"
"2335","297.81"
"2337","85.06"
"2339","320.91"
"2340","249.21"
"2342","77.96"
"2343","216.11"
"2344","24.98"
"2345","145.24"
"2350","61.41"
"2352","97.16"
"2353","258.07"
"2357","207.23"
"2360","42.83"
"2362","327.19"
"2364","161.69"
"2371","101.75"
"2373","365.97"
"2375","259.70"
"2376","373.50"
"2379","116.89"
"2390","95.44"
"2391","458.81"
"2398","260.01"
"2400","381.64"
"2401","240.81"
"2403","190.31"
"2408","179.24"
"2412","115.64"
"2413","142.66"
"2414","236.72"
"2415","17.15"
"2417","235.62"
"2421","344.39"
"2422","361.91"
"2425","383.76"
"2426","145.26"
"2430","499.36"
"2432","457.22"
"2434","449.18"
"2435","440.05"
"2438","183.66"
"2439","25.58"
"2443","261.32"
"2444","407.15"
"2445","390.89"
"2446","305.88"
"2447","319.39"
"2452","224.28"
"2453","5.63"
"2454","399.69"
"2455","394.90"
"2457","369.90"
"2458","250.24"
"2462","25.92"
"2463","59.71"
"2466","304.66"
"2467","53.37"
"2469","16.90"
"2472","201.50"
"2474","346.13"
"2475","158.42"
"2476","62.57"
"2480","333.26"
"2481","170.90"
"2483","137.74"
"2484","356.93"
"2485","380.58"
"2486","46.76"
"2488","278.17"
"2490","48.11"
"2492","351.05"
"2493","59.95"
"2494","473.85"
"2495","477.95"
"2496","257.22"
"2497","20.80"
"2499","248.03"
"2500","181.54"
"2501","132.82"
"2502","422.74"
"2503","221.41"
"2506","422.64"
"2508","422.27"
"2510","498.18"
"2511","16.46"
"2512","197.87"
"2514","479.52"
"2515","478.00"
"2518","483.51"
"2519","328.50"
"2520","417.65"
"2522","247.80"
"2524","217.80"
"2526","263.27"
"2527","322.04"
"2530","196.31"
"2532","387.16"
"2534","137.74"
"2535","159.72"
"2537","258.31"
"2542","221.47"
"2543","302.72"
"2544","316.27"
"2546","125.44"
"2547","454.23"
"2554","317.20"
"2556","460.74"
"2558","117.08"
"2559","289.35"
"2560","368.41"
"2561","326.69"
"2562","430.31"
"2563","170.22"
"2564","319.90"
"2566","214.14"
"2568","430.43"
"2570","195.35"
"2571","65.97"
"2573","210.12"
"2575","207.66"
"2577","83.08"
"2580","191.51"
"2581","258.66"
"2587","413.45"
"2590","52.02"
"2591","118.83"
"2592","38.72"
"2593","80.17"
"2594","427.16"
"2595","234.31"
"2597","494.57"
"2600","183.13"
"2601","178.35"
"2602","394.25"
"2604","403.75"
"2605","292.58"
"2606","55.38"
"2607","487.94"
"2608","157.79"
"2609","209.15"
"2611","219.14"
"2614","166.72"
"2616","490.39"
"2617","240.38"
"2621","69.52"
"2622","214.81"
"2624","141.88"
"2625","328.30"
"2626","11.53"
"2627","278.46"
"2628","3.44"
"2631","316.83"
"2633","349.35"
"2636","162.61"
"2639","107.15"
"2640","443.93"
"2641","409.38"
"2642","218.05"
"2646","162.79"
"2647","96.11"
"2648","409.65"
"2649","257.11"
"2650","30.87"
"2651","453.28"
"2652","64.66"
"2653","231.36"
"2654","58.52"
"2655","78.59"
"2658","265.14"
"2665","305.78"
"2667","249.17"
"2668","212.37"
"2669","144.31"
"2672","260.43"
"2673","352.68"
"2674","34.51"
"2680","148.86"
"2686","106.10"
"2688","203.80"
"2689","42.54"
"2691","134.89"
"2692","134.27"
"2694","237.45"
"2695","198.11"
"2697","456.14"
"2698","383.03"
"2699","123.98"
"2705","121.09"
"2706","117.19"
"2707","326.01"
"2709","372.97"
"2713","337.01"
"2717","377.80"
"2718","410.09"
"2719","432.22"
"2720","56.92"
"2721","209.09"
"2722","480.85"
"2725","2.62"
"2727","117.18"
"2728","389.53"
"2730","203.16"
"2731","156.37"
"2732","31.93"
"2735","410.26"
"2737","407.37"
"2739","244.42"
"2742","338.85"
"2745","415.41"
"2746","198.27"
"2747","337.07"
"2749","384.11"
"2751","373.30"
"2753","410.26"
"2754","477.17"
"2756","459.63"
"2758","170.90"
"2761","153.07"
"2766","446.78"
"2767","115.64"
"2770","120.42"
"2771","106.00"
"2773","280.06"
"2775","24.56"
"2777","464.77"
"2778","494.36"
"2779","162.26"
"2781","168.94"
"2782","243.37"
"2784","284.68"
"2785","230.21"
"2787","46.69"
"2790","475.75"
"2791","77.70"
"2795","99.59"
"2796","409.44"
"2798","219.14"
"2799","279.85"
"2800","489.45"
"2802","7.32"
"2803","144.98"
"2805","435.39"
"2806","366.47"
"2808","158.91"
"2810","23.05"
"2812","263.20"
"2814","295.37"
"2818","244.07"
"2819","325.23"
"2825","231.27"
"2828","299.93"
"2832","463.91"
"2835","397.22"
"2836","116.75"
"2841","26.44"
"2842","137.17"
"2843","10.26"
"2844","242.07"
"2851","283.12"
"2852","361.68"
"2856","153.17"
"2859","292.52"
"2860","216.91"
"2861","389.17"
"2863","172.03"
"2866","73.02"
"2867","436.59"
"2872","371.47"
"2873","441.81"
"2874","86.61"
"2877","482.26"
"2881","283.41"
"2882","66.57"
"2884","194.18"
"2885","380.85"
"2887","445.94"
"2888","377.34"
"2890","80.28"
"2894","6.06"
"2896","117.69"
"2898","465.87"
"2899","456.14"
"2900","188.63"
"2901","360.33"
"2903","120.45"
"2905","226.42"
"2908","311.82"
"2909","40.75"
"2910","86.42"
"2911","135.33"
"2914","434.62"
"2916","426.44"
"2919","31.40"
"2921","206.67"
"2924","116.41"
"2925","8.43"
"2926","86.31"
"2932","99.99"
"2933","374.90"
"2936","311.80"
"2937","500.28"
"2941","69.78"
"2943","421.11"
"2945","22.92"
"2948","178.35"
"2949","248.03"
"2952","19.99"
"2953","73.29"
"2954","363.84"
"2955","105.12"
"2957","356.72"
"2958","147.33"
"2963","105.55"
"2965","277.55"
"2967","48.70"
"2968","493.15"
"2969","183.13"
"2970","21.58"
"2972","226.42"
"2973","94.53"
"2974","351.77"
"2977","201.50"
"2981","460.74"
"2982","50.03"
"2983","302.21"
"2985","465.87"
"2986","340.98"
"2987","129.26"
"2988","106.63"
"2991","223.90"
"2993","80.50"
"2998","106.10"
"2999","473.61"
"3000","477.00"
"3001","207.52"
"3003","344.14"
"3004","22.55"
"3006","167.98"
"3013","247.41"
"3015","404.22"
"3017","378.91"
"3019","482.45"
"3020","262.11"
"3021","253.09"
"3022","47.14"
"3023","136.93"
"3026","121.21"
"3030","252.89"
"3032","262.38"
"3036","197.03"
"3037","48.29"
"3039","394.43"
"3040","467.05"
"3045","10.86"
"3047","23.93"
"3048","390.50"
"3053","322.68"
"3054","430.82"
"3056","339.67"
"3058","180.76"
"3060","362.87"
"3063","438.69"
"3068","51.36"
"3071","256.27"
"3073","307.00"
"3076","411.73"
"3077","353.10"
"3078","405.73"
"3079","484.06"
"3081","427.16"
"3085","312.53"
"3086","60.70"
"3087","251.42"
"3088","325.90"
"3089","360.64"
"3091","325.75"
"3094","282.32"
"3097","257.67"
"3099","156.49"
"3100","379.07"
"3101","316.74"
"3103","181.56"
"3104","127.08"
"3106","171.79"
"3111","174.36"
"3112","167.01"
"3113","320.67"
"3116","402.56"
"3120","289.35"
"3124","280.09"
"3125","89.07"
"3126","466.30"
"3128","67.08"
"3130","439.93"
"3133","90.09"
"3134","94.35"
"3136","470.56"
"3138","308.11"
"3140","75.20"
"3141","129.69"
"3143","417.65"
"3144","477.00"
"3147","391.22"
"3148","174.45"
"3149","340.44"
"3151","299.01"
"3153","278.60"
"3154","45.51"
"3155","64.71"
"3157","271.89"
"3162","122.31"
"3163","237.30"
"3164","259.70"
"3165","0.00"
"3167","273.64"
"3168","173.63"
"3169","390.27"
"3170","158.75"
"3171","340.55"
"3172","42.38"
"3176","373.86"
"3179","429.04"
"3180","100.63"
"3183","246.66"
"3184","430.04"
"3186","231.93"
"3187","147.58"
"3190","420.03"
"3195","176.48"
"3196","454.23"
"3197","151.26"
"3198","266.48"
"3199","238.31"
"3200","311.57"
"3201","114.63"
"3203","75.36"
"3206","364.09"
"3207","50.83"
"3211","227.87"
"3213","359.72"
"3214","93.04"
"3216","120.00"
"3218","474.13"
"3219","352.78"
"3220","481.44"
"3221","291.68"
"3226","82.90"
"3231","5.94"
"3232","185.41"
"3233","452.55"
"3234","458.96"
"3235","436.86"
"3237","280.84"
"3238","368.36"
"3240","341.77"
"3242","214.45"
"3243","74.85"
"3248","438.68"
"3249","77.55"
"3251","26.44"
"3253","182.11"
"3258","238.76"
"3259","244.00"
"3261","45.71"
"3264","365.12"
"3266","256.41"
"3267","73.76"
"3268","199.19"
"3269","382.34"
"3270","400.40"
"3274","292.64"
"3278","423.95"
"3279","77.39"
"3283","196.25"
"3287","368.83"
"3290","157.69"
"3291","0.18"
"3292","40.30"
"3294","93.51"
"3295","95.98"
"3296","232.31"
"3297","244.41"
"3298","456.63"
"3299","188.40"
"3300","450.80"
"3303","214.92"
"3305","470.19"
"3307","117.82"
"3312","436.21"
"3313","110.34"
"3314","294.72"
"3316","18.22"
"3320","435.94"
"3322","420.99"
"3327","442.00"
"3328","321.02"
"3329","77.78"
"3330","190.44"
"3332","393.94"
"3334","493.80"
"3335","135.80"
"3336","434.53"
"3337","329.24"
"3345","364.25"
"3346","358.60"
"3350","235.78"
"3351","77.78"
"3353","21.69"
"3358","191.20"
"3359","49.57"
"3360","292.14"
"3361","195.94"
"3366","148.86"
"3367","166.01"
"3369","278.17"
"3370","355.66"
"3372","174.15"
"3373","5.06"
"3374","198.27"
"3377","14.30"
"3378","375.00"
"3379","264.37"
"3380","96.11"
"3381","414.58"
"3382","253.45"
"3387","288.46"
"3388","421.44"
"3390","39.08"
"3391","228.77"
"3393","353.72"
"3395","320.58"
"3397","121.10"
"3399","392.09"
"3401","367.96"
"3404","316.27"
"3406","490.23"
"3407","139.71"
"3408","1.69"
"3409","121.79"
"3411","150.20"
"3412","225.49"
"3413","395.69"
"3417","45.93"
"3418","226.42"
"3422","148.00"
"3423","355.52"
"3424","360.62"
"3425","48.87"
"3429","484.92"
"3432","451.66"
"3434","322.90"
"3440","482.26"
"3442","160.14"
"3444","324.12"
"3446","268.24"
"3449","325.23"
"3451","161.37"
"3452","70.06"
"3453","480.85"
"3454","196.79"
"3456","236.74"
"3461","52.94"
"3462","361.95"
"3463","182.48"
"3466","255.22"
"3467","118.71"
"3470","451.64"
"3471","427.26"
"3474","292.52"
"3475","187.72"
"3476","307.76"
"3479","55.52"
"3482","466.58"
"3486","21.15"
"3487","88.52"
"3488","63.83"
"3492","449.07"
"3493","132.84"
"3494","160.16"
"3495","206.40"
"3498","464.05"
"3499","347.21"
"3500","172.06"
"3501","300.13"
"3502","364.04"
"3506","194.35"
"3508","76.98"
"3511","357.07"
"3514","59.30"
"3516","36.77"
"3517","239.21"
"3519","422.74"
"3521","169.35"
"3522","124.52"
"3523","0.00"
"3526","132.31"
"3528","450.80"
"3530","185.16"
"3533","147.30"
"3535","433.49"
"3536","228.57"
"3539","170.33"
"3540","171.92"
"3541","371.47"
"3543","348.37"
"3547","368.77"
"3548","399.77"
"3551","74.99"
"3553","260.83"
"3554","378.89"
"3559","183.55"
"3560","286.59"
"3562","53.06"
"3563","449.13"
"3565","257.67"
"3566","448.43"
"3567","482.74"
"3569","261.85"
"3570","454.32"
"3572","329.57"
"3574","453.63"
"3577","234.17"
"3579","432.63"
"3580","148.17"
"3581","212.03"
"3582","26.84"
"3583","177.07"
"3584","430.82"
"3586","235.38"
"3587","267.24"
"3589","405.79"
"3590","27.49"
"3593","391.33"
"3594","296.10"
"3596","259.67"
"3598","372.70"
"3602","40.75"
"3604","430.39"
"3605","315.04"
"3606","381.20"
"3607","17.95"
"3608","75.75"
"3609","43.64"
"3610","50.58"
"3612","355.12"
"3613","432.84"
"3614","495.27"
"3617","328.59"
"3618","257.67"
"3620","403.35"
"3621","185.41"
"3625","111.58"
"3626","369.92"
"3627","242.76"
"3632","314.85"
"3633","123.80"
"3635","276.28"
"3637","37.88"
"3638","36.77"
"3643","97.27"
"3644","14.05"
"3645","374.03"
"3650","395.48"
"3652","93.74"
"3653","233.44"
"3655","114.37"
"3657","276.14"
"3659","100.48"
"3660","377.26"
"3661","384.30"
"3663","261.85"
"3665","96.79"
"3667","86.44"
"3668","339.08"
"3669","98.11"
"3674","380.48"
"3675","184.61"
"3676","204.79"
"3681","180.27"
"3682","233.62"
"3686","296.53"
"3690","330.57"
"3692","96.64"
"3693","162.60"
"3694","135.33"
"3697","252.23"
"3699","371.45"
"3702","120.90"
"3704","105.14"
"3705","170.82"
"3708","158.26"
"3711","53.78"
"3713","445.94"
"3717","151.93"
"3719","194.31"
"3721","377.26"
"3722","412.29"
"3725","197.65"
"3728","195.24"
"3730","84.21"
"3731","183.95"
"3732","394.94"
"3733","107.62"
"3734","355.44"
"3735","226.42"
"3741","43.12"
"3742","94.58"
"3744","11.53"
"3747","275.97"
"3749","334.11"
"3752","431.05"
"3756","252.84"
"3758","427.58"
"3760","312.53"
"3761","36.55"
"3762","318.43"
"3763","191.84"
"3764","465.19"
"3768","400.31"
"3769","295.11"
"3771","298.46"
"3772","296.18"
"3775","399.77"
"3778","465.96"
"3779","494.30"
"3781","297.32"
"3782","461.15"
"3783","347.33"
"3787","249.11"
"3789","150.95"
"3790","480.85"
"3792","216.91"
"3794","350.20"
"3796","233.62"
"3797","2.66"
"3798","140.59"
"3801","427.50"
"3805","117.94"
"3806","33.11"
"3808","91.66"
"3810","192.26"
"3811","78.17"
"3815","417.12"
"3816","255.49"
"3817","26.02"
"3822","149.69"
"3823","369.36"
"3824","498.75"
"3828","280.24"
"3829","2.69"
"3831","477.54"
"3835","376.05"
"3836","50.45"
"3838","283.12"
"3842","378.08"
"3844","241.43"
"3845","485.47"
"3847","313.55"
"3848","126.03"
"3849","314.13"
"3850","499.17"
"3851","179.71"
"3852","353.93"
"3854","310.35"
"3855","137.74"
"3856","38.26"
"3857","134.00"
"3858","402.81"
"3859","400.33"
"3861","353.26"
"3862","22.24"
"3864","458.61"
"3865","403.73"
"3866","335.99"
"3867","109.48"
"3868","102.09"
"3869","201.50"
"3871","69.52"
"3873","371.10"
"3874","407.62"
"3875","237.50"
"3878","368.82"
"3880","206.13"
"3881","430.43"
"3886","366.98"
"3887","287.11"
"3890","322.03"
"3892","184.69"
"3894","123.99"
"3896","87.73"
"3899","443.24"
"3900","329.24"
"3903","381.64"
"3904","100.03"
"3909","224.63"
"3916","282.76"
"3918","191.05"
"3919","309.50"
"3921","127.84"
"3922","223.13"
"3925","324.67"
"3926","286.76"
"3933","331.71"
"3938","86.65"
"3939","150.42"
"3941","178.68"
"3942","119.08"
"3944","209.89"
"3945","212.92"
"3946","136.36"
"3947","424.10"
"3949","406.09"
"3950","499.17"
"3954","395.25"
"3956","238.01"
"3957","329.70"
"3959","312.47"
"3961","282.44"
"3963","454.32"
"3966","86.04"
"3967","92.58"
"3968","225.47"
"3972","414.19"
"3973","128.05"
"3976","481.68"
"3978","296.53"
"3982","71.83"
"3984","264.02"
"3993","358.01"
"3994","37.68"
"3995","233.23"
"3997","443.37"
"3998","375.67"
"4000","48.87"
"4001","52.53"
"4003","184.87"
"4004","269.85"
"4005","116.41"
"4006","323.77"
"4008","221.70"
"4009","97.43"
"4012","217.77"
"4013","347.84"
"4014","292.78"
"4016","5.60"
"4017","95.89"
"4018","336.45"
"4021","210.56"
"4022","253.63"
"4023","196.21"
"4026","155.89"
"4027","346.04"
"4030","428.07"
"4031","248.03"
"4032","196.53"
"4033","188.87"
"4035","414.87"
"4038","283.41"
"4040","298.87"
"4041","90.35"
"4042","477.95"
"4044","488.47"
"4045","129.26"
"4046","82.86"
"4049","208.97"
"4054","42.83"
"4055","36.70"
"4056","73.68"
"4057","258.31"
"4059","192.95"
"4061","447.68"
"4062","189.05"
"4066","493.11"
"4068","432.70"
"4069","343.03"
"4071","39.07"
"4072","392.07"
"4081","10.26"
"4083","328.41"
"4084","222.15"
"4087","435.53"
"4090","406.26"
"4092","106.37"
"4093","309.30"
"4094","73.68"
"4095","464.64"
"4097","55.69"
"4099","148.96"
"4101","246.74"
"4104","403.29"
"4110","39.74"
"4112","490.38"
"4114","269.84"
"4115","101.76"
"4116","120.58"
"4117","153.73"
"4118","294.72"
"4119","219.70"
"4120","271.67"
"4122","385.52"
"4125","72.01"
"4126","15.14"
"4127","80.52"
"4130","277.57"
"4131","222.49"
"4132","453.24"
"4134","345.20"
"4135","175.35"
"4136","285.22"
"4138","85.19"
"4139","130.34"
"4140","137.74"
"4142","39.26"
"4144","395.48"
"4146","496.35"
"4150","125.44"
"4151","136.36"
"4152","406.42"
"4154","373.30"
"4156","325.23"
"4157","426.29"
"4158","117.19"
"4162","334.91"
"4163","176.39"
"4165","137.18"
"4171","22.46"
"4174","28.37"
"4178","136.83"
"4181","122.97"
"4182","163.66"
"4187","340.29"
"4188","231.28"
"4191","99.20"
"4192","377.41"
"4194","116.64"
"4196","197.52"
"4197","302.70"
"4198","149.28"
"4199","126.15"
"4200","464.17"
"4201","360.64"
"4204","163.42"
"4206","273.55"
"4207","188.05"
"4208","206.67"
"4210","105.14"
"4212","142.28"
"4214","116.64"
"4216","417.65"
"4217","399.74"
"4220","467.56"
"4222","272.05"
"4223","495.48"
"4224","135.58"
"4225","379.87"
"4228","74.26"
"4230","276.47"
"4231","477.68"
"4232","498.18"
"4233","223.43"
"4234","272.47"
"4235","477.43"
"4236","176.40"
"4237","302.70"
"4238","13.45"
"4239","397.22"
"4240","228.57"
"4241","280.76"
"4244","259.91"
"4245","209.89"
"4247","25.58"
"4251","9.32"
"4252","279.80"
"4253","397.52"
"4256","189.74"
"4259","261.89"
"4260","499.26"
"4261","372.22"
"4265","439.93"
"4266","403.23"
"4268","422.16"
"4269","255.69"
"4270","237.56"
"4271","384.11"
"4272","220.86"
"4275","117.60"
"4276","258.99"
"4277","368.25"
"4280","18.30"
"4284","205.01"
"4290","285.95"
"4292","335.65"
"4294","56.26"
"4297","9.95"
"4300","18.30"
"4301","324.63"
"4302","191.20"
"4304","91.65"
"4305","320.66"
"4307","226.45"
"4312","51.49"
"4313","470.19"
"4314","312.42"
"4315","456.52"
"4316","158.00"
"4317","413.86"
"4318","469.64"
"4323","69.07"
"4324","17.55"
"4329","471.51"
"4334","439.20"
"4339","235.78"
"4340","327.19"
"4342","447.20"
"4348","126.68"
"4349","63.70"
"4350","445.04"
"4354","477.51"
"4358","87.88"
"4360","450.80"
"4361","312.92"
"4366","424.12"
"4367","449.02"
"4371","40.40"
"4372","104.18"
"4374","209.25"
"4378","493.60"
"4380","454.66"
"4384","101.76"
"4386","424.10"
"4387","74.95"
"4388","87.79"
"4389","82.67"
"4393","197.03"
"4396","304.40"
"4398","377.78"
"4399","0.00"
"4404","183.13"
"4407","304.09"
"4411","196.53"
"4419","376.68"
"4421","430.21"
"4422","463.76"
"4425","230.71"
"4430","80.17"
"4434","465.80"
"4436","420.99"
"4437","131.77"
"4439","119.07"
"4440","153.39"
"4444","495.62"
"4448","453.58"
"4449","435.39"
"4451","254.60"
"4454","100.56"
"4455","151.76"
"4456","433.76"
"4457","469.69"
"4460","473.61"
"4461","30.73"
"4468","402.80"
"4472","229.89"
"4474","324.82"
"4475","388.42"
"4478","382.40"
"4479","500.82"
"4481","468.63"
"4482","21.98"
"4483","487.97"
"4484","283.41"
"4485","333.78"
"4489","348.37"
"4490","258.90"
"4491","294.40"
"4493","287.09"
"4494","327.74"
"4500","461.36"
